"Name","Password","Type"
"momo","lll","User"
"Lyan","2003l","User"
"Lyan","2","User"
"momo","lll","User"
"Lyan","2003l","User"
"Lyan","2","User"
"momo","lll","User"
"Lyan","2003l","User"
"Lyan","22","User"
"Lyan","2003l","User"
"Lyan","2","User"
"lolo","lolo","User"
"momo","lll","User"
"Lyan","2003l","User"
"Lyan","2","User"
"lolo","lolo","User"
"momo","lll","User"
"Lyan","2003l","User"
"Lyan","2","User"
"lolo","lolo","User"
"momo","lll","User"
"Lyan","2003l","User"
"Lyan","2","User"
"lolo","lolo","User"
"momo","lll","User"
"Lyan","2003l","User"
"Lyan","2","User"
"lolo","lolo","User"
"momo","lll","User"
"Lyan","2003l","User"
"Lyan","l","User"
"loo","mo","User"
"lll","l","User"
